{
  "Logistic Regression": {
    "accuracy": 0.9824561403508771,
    "auc": 0.9953703703703703,
    "precision": 0.9861111111111112,
    "recall": 0.9861111111111112,
    "f1": 0.9861111111111112,
    "mcc": 0.9623015873015873
  },
  "Decision Tree": {
    "accuracy": 0.9122807017543859,
    "auc": 0.9156746031746031,
    "precision": 0.9558823529411765,
    "recall": 0.9027777777777778,
    "f1": 0.9285714285714286,
    "mcc": 0.8174119974927639
  },
  "kNN": {
    "accuracy": 0.9736842105263158,
    "auc": 0.9884259259259259,
    "precision": 0.96,
    "recall": 1.0,
    "f1": 0.9795918367346939,
    "mcc": 0.9441549509633318
  },
  "Naive Bayes": {
    "accuracy": 0.9385964912280702,
    "auc": 0.9877645502645502,
    "precision": 0.9452054794520548,
    "recall": 0.9583333333333334,
    "f1": 0.9517241379310345,
    "mcc": 0.8675534786006366
  },
  "Random Forest (Ensemble)": {
    "accuracy": 0.956140350877193,
    "auc": 0.9930555555555556,
    "precision": 0.958904109589041,
    "recall": 0.9722222222222222,
    "f1": 0.9655172413793104,
    "mcc": 0.9054466190452621
  },
  "XGBoost (Ensemble)": {
    "accuracy": 0.956140350877193,
    "auc": 0.9953703703703703,
    "precision": 0.9466666666666667,
    "recall": 0.9861111111111112,
    "f1": 0.9659863945578231,
    "mcc": 0.9058238738943076
  }
}